"","Var1","Freq"
"1","Abagrotis_alternata",2
"2","Abagrotis_apposita",4
"3","Abagrotis_dickeli",3
"4","Abagrotis_dodi",2
"5","Abagrotis_duanca",4
"6","Abagrotis_forbesi",31
"7","Abagrotis_hennei",2
"8","Abagrotis_hermina",4
"9","Abagrotis_mexicana",760
"10","Abagrotis_placida",6
"11","Abagrotis_scopeops",6
"12","Abagrotis_sp._PC-2016",4
"13","Abagrotis_striata",2
"14","Abagrotis_turbulenta",4
"15","Abagrotis_variata",5
"16","Abagrotis_vittifrons",1
"17","Achatia_distincta",30
"18","Achatodes_zeae",7
"19","Acleris_fimbriana",20
"20","Acontia_phaena",5
"21","Acrapex_kafula",15
"22","Acrapex_miscantha",10
"23","Acrapex_sp._GJK-2017",3
"24","Acronicta",6
"25","Acronicta_albarufa",1
"26","Acronicta_dactylina",75
"27","Acronicta_exempta",2
"28","Acronicta_exilis",20
"29","Acronicta_haesitata",46
"30","Acronicta_hastulifera",3
"31","Acronicta_hercules",3
"32","Acronicta_increta",235
"33","Acronicta_lanceolaria",3
"34","Acronicta_modica",2
"35","Acronicta_n_sp.",5
"36","Acronicta_ovata",41
"37","Acronicta_sp._1",2
"38","Acronicta_tristis",29
"39","Acroria_sp._cr1",3
"40","Acrotomia_muciaDHJ01",2
"41","Actebia_fennica",17
"42","Actebia_praecox",4
"43","Actinotia_radiosa",5
"44","Adelowalkeria_flavoboliviana",15
"45","Adelowalkeria_flavosignata",3
"46","Adoxophyes_panxantha",8
"47","Adoxophyes_sp._AAP5694",17
"48","Adoxophyes_sp._D",14
"49","Adrapsa",1
"50","Adrapsa_ereboides",30
"51","Adrapsa_thermesia",15
"52","Aemilia_rubriplaga",5
"53","Aergina_hilaris",1
"54","Agamana_pergrata",3
"55","Agamana_sarmentosa",1
"56","Aglaonice_hirtipalpis",3
"57","Aglaonice_otignatha",2
"58","Agonopterix_angelicella",6
"59","Agonopterix_argillacea",19
"60","Agonopterix_cluniana",6
"61","Agonopterix_oinochroa",2
"62","Agonopterix_paraselini",4
"63","Agonopterix_pupillana",2
"64","Agonopterix_sp.",6
"65","Agonopterix_subtakamukui",4
"66","Agriophara_sp._ANIC12",3
"67","Agrius_convolvuli",2
"68","Agrochola_nitida",20
"69","Agrochola_pistacinoides",6
"70","Agrotera_longitabulata",4
"71","Agrotera_sp._AAJ7071",1
"72","Agrotis_cinerea",2
"73","Agrotis_infusa",38
"74","Agrotis_ipsilon",105
"75","Agrotis_munda",3
"76","Agrotis_porphyricollis",8
"77","Agrotis_simplonia",3
"78","Agrotis_sp._1_MJM-2018",36
"79","Agrotis_stigmosa",3
"80","Agrotis_subterranea",4
"81","Agrotis_vancouverensis",282
"82","Agrotis_vetusta",10
"83","Agrotis_volubilis",12
"84","Agylla_asra",4
"85","Aiteta_trigoniphora",4
"86","Albocosta_triangularis",1
"87","Amastus_fusca",2
"88","Amastus_ochraceator",9
"89","Amata_EF07",1
"90","Amata_sp._ANIC10",1
"91","Amolita_fessa",2
"92","Amolita_pepitaDHJ04",14
"93","Amphipoea_lunata",5
"94","Amphipyrinae",3
"95","Amyna_axis",1
"96","Anagrapha_falcifera",1
"97","Anaplectoides_prasina",20195
"98","Anaplectoides_pressus",65
"99","Anapoma_pallidior",6
"100","Anarsia_sp._ANIC7",2
"101","Anarta_colletti",2
"102","Anarta_columbica",56
"103","Anarta_decepta",26
"104","Anarta_florida",3
"105","Anarta_fulgora",12
"106","Anarta_hamata",3
"107","Anarta_melanopa",4
"108","Anarta_nigrolunata",10
"109","Anarta_obesula",4
"110","Anarta_trifolii",114
"111","Antichloris_viridis",56
"112","Antitrisuloides_siamensis",1
"113","Antoculeora_ornatissima",80
"114","Apamea_amputatrix",2
"115","Apamea_geminimacula",1
"116","Apamea_lignicolora",1
"117","Aphelia_ochreana",4
"118","Aphilopota_sp._SH01",2
"119","Aplectoides_condita",72
"120","Aplogompha_opulenta",4
"121","Arachnida",297
"122","Archanara_neurica",4
"123","Archips",2
"124","Archips_cerasivorana",13
"125","Archips_fervidana",10
"126","Archips_grisea",10
"127","Archips_purpurana",7
"128","Archips_rosana",15
"129","Arctia_flavia",21
"130","Arctia_romanovi",2
"131","Arctia_souliei",5
"132","Arctiinae",147
"133","Argidia_Poole05DHJ01",628
"134","Argidia_Poole05DHJ02",729
"135","Argidia_wedelina",101
"136","Argyrosticta_aurifundens",33
"137","Argyrosticta_meres",5818
"138","Argyrotaenia_atima",1
"139","Arichanna_perimelaina",60
"140","Ariola_coelisigna",10
"141","Aristotelia_BioLep609",17
"142","Arthropoda",7
"143","Arugisa_BioLep87",4
"144","Asota_eusemioides",239
"145","Asota_heliconia",5
"146","Athaumasta_dzhungarica",2
"147","Atheropla_chorias",3
"148","Atheropla_crocea",1
"149","Athetis",18
"150","Autographa",2527
"151","Autographa_californica",9
"152","Autographa_gamma",7174
"153","Autographa_precationis",5
"154","Automeris_celata",45
"155","Automeris_celataICHG03",3
"156","Automeris_celataICHG04",12
"157","Automeris_innoxia",13
"158","Automeris_paracelata",21
"159","Automeris_pomifera",3
"160","Automeris_pomiferoides",4
"161","Automeris_sarapiqui",1
"162","Automeris_stumpei",7
"163","Axylia",3
"164","Axylia_cinerosa",70
"165","Axylia_putris",107
"166","Axylia_sp.",5
"167","Axylia_strigibasis",8
"168","Bagisara_Poole01",5
"169","Bagisara_repanda",1
"170","Balacra_rattrayi",1
"171","Balacra_rubricincta",1
"172","Baradesa_omissa",67
"173","Baronia_brevicornis",274
"174","Bastilla_purpurata",5
"175","Batocnema_coquerelii_coquerelii",1
"176","Batrachedra",7
"177","Batrachedra_pinicolella",8
"178","Bertholdia_soror",1
"179","Bertula_delosticha",1
"180","Biclonuncaria_Janzen346",2
"181","Biclonuncaria_Janzen347",17
"182","Biston_suppressaria",1
"183","Bombyx_mandarina",1
"184","Bradina_diagonalis",13
"185","Bradina_perlucidalis",2
"186","Bradina_tormentifera",2
"187","Bryophila_ereptricula",2
"188","Calesia",74
"189","Callidrepana_saucia",4
"190","Callinola_BioLep47",75
"191","Callinola_BioLep50",4
"192","Callinola_BioLep59",21
"193","Callinola_leudostola",235
"194","Callixena_viettei",1
"195","Callopistria",1
"196","Callopistria_dapsilis",6
"197","Capua",1
"198","Capua_deuterastis",1
"199","Caradrina_aspersa",1
"200","Caradrina_camina",7
"201","Caradrina_clavipalpis",1
"202","Caradrina_flavirena",98
"203","Caradrina_fuscicornis",8
"204","Caradrina_kadenii",2440
"205","Caradrina_levantina",4
"206","Caradrina_morpheus",8
"207","Caradrina_selini",100
"208","Caripeta_divisata",4
"209","Carpatolechia_decorella",19
"210","Casbia_eremias",2
"211","Casbia_glaucochroa",3
"212","Casbia_rhodoptila",2
"213","Catephia_compsotrephes",1
"214","Catocala_amica",36
"215","Catocala_consors",3
"216","Catocala_epione",44
"217","Catocala_jair",39
"218","Catocala_lineella",85
"219","Catocala_n._sp._Schweitzer",20
"220","Catocala_sp.",4
"221","Cerastis_enigmatica",9
"222","Cerastis_fishii",120
"223","Cerastis_leucographa",4000
"224","Cerastis_robertsoni",3
"225","Cerastis_rubricosa",9
"226","Cerastis_salicarum",915
"227","Charanyca_ferruginea",71
"228","Charissa_vanensis",3
"229","Chersotis_andereggii",4
"230","Chersotis_andreae",2
"231","Chersotis_cyrnea",10
"232","Chersotis_margaritacea",7
"233","Chersotis_multangula",31
"234","Chiasmia",1
"235","Chiasmia_paucimacula",1
"236","Chloantha_hyperici",5
"237","Choephora_fungorum",2898
"238","Chrysanympha_formosa",211
"239","Chrysopeleiinae",1
"240","Chrysostola_moza",47
"241","Chytolita_morbidalis",702
"242","Chytolita_petrealis",4
"243","Chytolita_sp._1",17
"244","Chytonidia_Poole02",64
"245","Cinglis_andalusiaria",1
"246","Cirphis_ebriosa",1
"247","Cirrhochrista_arcusalis",5
"248","Cissura_decora",30
"249","Cissura_plumbea",2
"250","Cissura_plumbea_excelsior",3
"251","Citheronula_maranhensis",3
"252","Citioica_homoea",7
"253","Clepsis_BioLep108",32
"254","Clepsis_peritana",1231
"255","Clystea_newspeciesBE01",65
"256","Cochylina_BioLep86",20
"257","Coleophora_benestrigatella",1
"258","Coleophora_JFL207",1
"259","Collomena_filifera",50
"260","Collomena_Poole04",100
"261","Comparmustilia_sphingiformis",2
"262","Composia_fidelissima",2
"263","Conchylis_vacuana",34
"264","Condica_parista",3
"265","Condica_sublucens",17
"266","Condica_temecula",3
"267","Condicinae",1
"268","Conisania_leineri",1
"269","Conisania_leineri_pomerana",1
"270","Conisania_poelli",4
"271","Conisania_poelli_poelli",1
"272","Conobrosis_acervata",1
"273","Copablepharon_alaskensis",4
"274","Copablepharon_gillaspyi",2
"275","Copablepharon_longipenne",10
"276","Copablepharon_longipenne_serraticornis",4
"277","Copablepharon_mustelini",4
"278","Copablepharon_nevada",2
"279","Copablepharon_pictum",5
"280","Copablepharon_serratigrande",2
"281","Copablepharon_sp.",2
"282","Corula_geometroides",1
"283","Cosmopterigidae",1
"284","Cosmopterix",1
"285","Crambidae",7
"286","Craniophora_phaeocosma",2
"287","Crimona_pallimedia",15
"288","Crocidosema_plebejana",26
"289","Cryptocala_acadiensis",31
"290","Ctenoplusia",7
"291","Ctenoplusia_adiaphora",17
"292","Cucullia_intermedia",105
"293","Cucullia_luna",11
"294","Cucullia_serraticornis",5
"295","Cucullia_umbratica",2
"296","Cyana",68
"297","Cyana_flammeostrigata",287
"298","Cyana_meyricki",13
"299","Cyana_postflavida",1
"300","Cyana_pretoriae",1070
"301","Cyana_puella",5
"302","Cyana_togoana",5
"303","Cyanopepla_arrogans",6
"304","Damias_sicciodes",4
"305","Daphnusa_fruhstorferi",1
"306","Daphnusa_fruhstorferi_fruhstorferi",3
"307","Dasygaster",5
"308","Dasygaster_epundoides",598
"309","Dasygaster_ligniplena",28
"310","Dasygaster_melambaphes",70
"311","Dasygaster_pammacha",142
"312","Dasygaster_sp._ANIC1",1
"313","Dasypolia_annemaria",6
"314","Delphyre_jansoni",4
"315","Depress01_phillipsEPR01",1
"316","Depressaria_albipunctella",8
"317","Depressaria_cinderella",9
"318","Depressariidae",2
"319","Diarsia",20
"320","Diarsia_esurialis",2
"321","Diarsia_rosaria_freemani",5
"322","Diarsia_rubifera",21
"323","Dichagyris_celsicola",9
"324","Dichagyris_forcipula",4
"325","Dichagyris_kyune",5
"326","Dichagyris_larga",7
"327","Dichagyris_lobato",12
"328","Dichagyris_madida",1
"329","Dichagyris_polycala",3
"330","Dichagyris_renigera",24
"331","Dichagyris_triphaenoides",14
"332","Dichrorampha_ligulana",2
"333","Dichrorampha_petiverella",3
"334","Diopa_creta",3
"335","Drobeta_Poole06",12
"336","Drobeta_Poole12",8
"337","Dypterygia_ordinarius",8
"338","Eacles_imperialisDHJ01",1
"339","Ectopatria",1
"340","Ectropis_AH01Ch",1
"341","Egira_conspicillaris",2
"342","Egira_curialis",5
"343","Egira_rubrica",1
"344","Eilema",5
"345","Eilema_plana",2
"346","elachBioLep01_BioLep350",14
"347","elachBioLep01_BioLep754",10
"348","elachJanzen01_Janzen187",7
"349","Elaphria_Poole25",60
"350","Electrophaes_corylata",1
"351","Elophila_icciusalis",15
"352","Elophila_interruptalis",8
"353","Elophila_nymphaeata",21
"354","Emarginea_percara",115
"355","Enargia_infumata",51
"356","Enargia_sp.",5
"357","Engelhardtia_ursina",1
"358","Ennominae",71
"359","Eochrois_sp._ANIC27",5
"360","Eois_BioLep198",3
"361","Eomichla_hallwachsaeDHJ02",2
"362","Epiblema_foenella",18
"363","Epidesma_ursula",6
"364","Epilecta_linogrisea",13
"365","Epinotia",3
"366","Epinotia_emarginana",1
"367","Epinotia_nigralbana",4
"368","Epinotia_nigralbanoidana",8
"369","Epiphora_atbarina",2
"370","Epiphora_bauhiniae",47
"371","Epiphora_bauhiniae_sudanica",1
"372","Epiphora_lugardi",89
"373","Epiphora_schultzei",1
"374","Epipleminae",1
"375","Epipsilia_grisescens",34
"376","Episcepsis_BioLep03",9
"377","Episteira_protima",3
"378","Epithymema_sp._ANIC4",2
"379","Erastrifacies_schedocala",100
"380","Erebidae",34
"381","erebidBioLep01_BioLep1342",2
"382","ereJanzen01_Janzen7454",4
"383","Eressa_angustipenna",1
"384","Eressa_megatorna",3
"385","Eressa_rhysoptila",3
"386","Ernassa_sp.",1
"387","Erynnis_brizo",2
"388","Erynnis_montanus",4
"389","Ethmia_clytodoxa",4
"390","Euamiana",4
"391","Euamiana_n._sp.",16
"392","Euaontia_clarki",7
"393","Eubaphe_mendica",5
"394","Eubaphe_meridiana",6
"395","Eubaphe_unicolor",19
"396","Eublemma_leucodesma",5
"397","Eublemma_saturata",3
"398","Eucereon_sp._9YB",15
"399","Euchaetis",1
"400","Eucoptocnemis",4
"401","Eucoptocnemis_dapsilis",342
"402","Eucoptocnemis_dollii",8
"403","Eucoptocnemis_elingua",278
"404","Eucosma_gomonana",1
"405","Eueretagrotis_attentus",464
"406","Eueretagrotis_perattentus",301
"407","Eueretagrotis_sigmoides",12
"408","Eugnorisma_glareosa",5804
"409","Eugraphe_sigma",1522
"410","Eulechria_drosocapna",11
"411","Eulechria_rhymodes",2
"412","Eulechria_sp._ANIC1",1
"413","Eulechria_sp._ANIC63",1
"414","Eulepidotis_stigmastica",3
"415","Eulepte_Solis15",38
"416","Euphyia_biangulata",8
"417","Euphyia_frustata_fulvocinctata",4
"418","Euphyia_intermediata",4
"419","Euphyia_porraceata",9
"420","Euphyia_unangulata",123
"421","Eupithecia_AH01SA",17
"422","Eupithecia_BioLep230",18
"423","Eupithecia_bohatschiAH01Ch",1
"424","Eupithecia_fernandi",1
"425","Euplagia_quadripunctaria",50
"426","Eupsilia_fringata",4
"427","Eupsilia_transversa",30
"428","Eurois_nigra",2
"429","Eurois_occulta",354
"430","Euros",2
"431","Euros_osticollis",5
"432","Eusarca_Janzen02",11
"433","Eutamsia_nr._consummata",3
"434","Eutelia_adulatricoides",1
"435","Eutelia_apithana",14
"436","Eutelia_auratrix",9
"437","Eutelia_biangulata",1
"438","Eutelia_BioLep08",3
"439","Eutelia_levequei",3
"440","Eutelia_pulcherrimus",2
"441","Euteliidae",4
"442","Eutricopis_nexilis",1
"443","Euxoa_albiorbis",17
"444","Euxoa_ochrogaster",2
"445","Euxootera_melanomera",4
"446","Exaeretia_canella",30
"447","Faculta",1
"448","Faronta_Poole01DHJ02",16
"449","Feltia_herilis",18
"450","Feltia_jaculifera",2
"451","Fergusonix_januaris",66
"452","Fodina_contigua",2
"453","Fodina_ostorius",24
"454","Galgula",4
"455","Galgula_partita",1
"456","Galgula_partita_PS1",3
"457","Gamelia_abahiana",8
"458","Gamelia_abas",2
"459","Gamelia_amadargei",4
"460","Gamelia_sanmartiniana",16
"461","Gamelia_septentrionalis",26
"462","Garrha_sp._ANIC16",4
"463","gelBioLep01_BioLep1022",2
"464","geleBioLep01_BioLep1646",1
"465","geleBioLep01_BioLep532",35
"466","Gelechiidae",176
"467","gelJanzen01_Janzen2632",5
"468","gelJanzen01_Janzen806",1
"469","Geometridae",6
"470","Gesonia_obeditalis",1
"471","Glena_nigricaria",20
"472","Gloanna_grisescens",1
"473","Glycythyma_chrysorycta",1
"474","Glyphodes_stolalis",3
"475","Gondysia_Poole02",6
"476","Gonodonta_fulvangula",1
"477","Gonodonta_immacula",2
"478","Gonodonta_latimacula",6
"479","Gonodonta_sicheas",3
"480","Gonodonta_sinaldusDHJ01",1
"481","Gonodonta_sitia",9
"482","Gonodonta_uxor",99
"483","Graphiphora_augur",6
"484","Grapholita_molesta",1
"485","Grotella_vauriae",7
"486","Gymnoscelis_lindbergi",1
"487","Gymnoscelis_rufifasciata",4
"488","Gyrtona_semicarbonalis",7
"489","Habrosyne_scripta",4
"490","Hadena_irregularis",11
"491","Hadena_perplexa",44
"492","Hadena_silenes",2
"493","Hadenini",15
"494","Hagnagora_clustimena",3
"495","Halysidota_BioLep02",24
"496","Hampsonodes_mastoides",81
"497","Hampsonodes_sp.",1
"498","Heleanna_sp._AAI1933",12
"499","Helicoverpa_armigera",3
"500","Helicoverpa_assulta",10
"501","Heliocheilus_canusina",1
"502","Heliolonche_carolus",2
"503","Heliothis_subflexa",6
"504","Hellula_undalis",1
"505","Helotropha_leucostigma",9
"506","Hemiceras_Chacon43",1
"507","Hemiceras_Chacon71",6
"508","Hemiceras_conspirataDHJ01",49
"509","Hemiceras_conspirataDHJ02",26
"510","Hemiptera",7
"511","Herminia_tarsipennalis",39
"512","Herminiinae",8
"513","Herminocala_sabataDHJ01",61
"514","Herminocala_sp.",1
"515","Herminocala_sp._CR1",1
"516","Heterochroma_beryllus",2
"517","Heterochroma_Poole06",50
"518","Heterochyta_aprepta",8
"519","Heterophysa_dumetorum",1
"520","Heteroteucha_anthodora",15
"521","Hexorthodes_jocosa",1
"522","Hexorthodes_senatoria",148
"523","Historis_dious",28
"524","Historis_odius",3
"525","Hofmannophila_pseudospretella",7
"526","Holcocera",1
"527","Homoanarta_falcata",4
"528","Homoglaea_californica",2
"529","Homoglaea_variegata",10
"530","Homona_auriga",1
"531","Homorthodes_new_sp.",4
"532","Homorthodes_reliqua",6
"533","Homorthodes_sp.",8
"534","Hoplodrina_ambigua",226
"535","Hoplodrina_blanda",91
"536","Hoplodrina_octogenaria",15
"537","Hoplodrina_respersa",7
"538","Hoplodrina_superstes",21
"539","Hydraecia_immanis",3
"540","Hydriomena",1
"541","Hydriomena_furcata",23
"542","Hylesia",92
"543","Hylesia_bouvereti",23
"544","Hylesia_coinopus",1
"545","Hylesia_compandex",5
"546","Hylesia_falcifera",1
"547","Hylesia_invidiosa",12
"548","Hylesia_invidiosaICHG01",22
"549","Hylesia_murexBR02",1
"550","Hylesia_pauper",4
"551","Hylesia_paupseptentridex",23
"552","Hylesia_remandex",17
"553","Hylesia_sp.",293
"554","Hymenia_perspectalis",1
"555","Hymenoptera",101
"556","Hypercompe_icasia",16
"557","Hypercompe_icasiaDHJ01",256
"558","Hypercompe_icasiaDHJ05",4
"559","Hyperthaema_coccinata",4
"560","Hyphantria_cunea",8
"561","Hypocoena_inquinata",2
"562","Hypomecis_intrusilinea",13
"563","Hypospila_creberrima",14
"564","Hypotrix",4
"565","Hypotrix_basistriga",1
"566","Hypotrix_carneigera",2
"567","Hypotrix_diplogramma",2
"568","Hypotrix_optima",1
"569","Hyppa_brunneicrista",1
"570","Hyppa_contrasta",59
"571","Hyppa_potamus",4
"572","Ianius_mosca",5
"573","Ichneutica_chlorodonta",1
"574","Ichneutica_insignis",2
"575","Ichneutica_nullifera",2
"576","Ichneutica_pelanodes",1
"577","Ichneutica_skelloni",2
"578","Idalus_Espinoza01",7
"579","Idalus_Espinoza01new",305
"580","Idalus_intermedia",8
"581","Idalus_lucaii",1
"582","Idia_calvaria",4
"583","Idia_diminuendis",4
"584","Idia_forbesii",6
"585","Idia_julia",99
"586","Idia_laurentii",19
"587","Idia_scobialis",25
"588","Imosca_megastigmata",1
"589","Inga_Janzen62",3
"590","Insecta",31
"591","Iscadia_mariva",5
"592","Isotenes_sp._ADC0762",3
"593","Lacanobia",5
"594","Lacanobia_amurensis",6
"595","Lacanobia_atlantica",1
"596","Lacanobia_oleracea",105
"597","Lacanobia_radix",3
"598","Lacanobia_suasa",26
"599","Lacanobia_w-latinum",382
"600","Lacinipolia",16
"601","Lacinipolia_martini",10
"602","Lacinipolia_palilis",8
"603","Lacinipolia_perfragilis",7
"604","Lacinipolia_sp.",32
"605","Lamproptera_meges",14
"606","Larentiinae",1
"607","Lascoria",39
"608","Lascoria_anxa",1
"609","Lascoria_BioLep2229",1
"610","Lascoria_leucorabdota",12
"611","Lascoria_Poole03",3
"612","Lascoria_Poole14",52
"613","Lepidoptera",18201
"614","Lesmone_detrahens",19
"615","Lesmone_griseipennis",16
"616","Leucanella_anikae",146
"617","Leucanella_contempta",4
"618","Leucanella_dh1",2
"619","Leucanella_evanschaycki",47
"620","Leucanella_gibbosa",59
"621","Leucanella_leucane",2
"622","Leucanella_lynx",2
"623","Leucanella_memusae",77
"624","Leucanella_nyctimene",4
"625","Leucanella_siriae",23
"626","Leucanella_viridescens_viridior",60
"627","Leucania",80
"628","Leucania_adjuta",2049
"629","Leucania_anteroclara",1350
"630","Leucania_atrinota",4
"631","Leucania_BioLep11",7
"632","Leucania_BioLep12",6
"633","Leucania_calidior",5
"634","Leucania_commoides",4315
"635","Leucania_cruegeri",59
"636","Leucania_cupreata",18
"637","Leucania_designata",4
"638","Leucania_dorsalis",1
"639","Leucania_elephas",3
"640","Leucania_exarans",4
"641","Leucania_farcta",89
"642","Leucania_farcta_fracta",1
"643","Leucania_farcta_roseola",6077
"644","Leucania_februalis",82
"645","Leucania_fortunata",2
"646","Leucania_humidicola",6
"647","Leucania_imperfecta",28
"648","Leucania_incognita",2016
"649","Leucania_inermis",523
"650","Leucania_infatuans",39
"651","Leucania_Janzen02",14
"652","Leucania_linda",1953
"653","Leucania_linearis",91
"654","Leucania_lobrega",24
"655","Leucania_multilinea",1666
"656","Leucania_obsoleta",59
"657","Leucania_oregona",7
"658","Leucania_phragmitidicola",8
"659","Leucania_pilipalpis",104
"660","Leucania_PK01",77
"661","Leucania_PK02",1
"662","Leucania_PK03",97
"663","Leucania_PK04",3
"664","Leucania_Poole04",4
"665","Leucania_Poole10",293
"666","Leucania_Poole11",10
"667","Leucania_Poole12",4
"668","Leucania_pseudargyria",17
"669","Leucania_roseilinea",7
"670","Leucania_solita",654
"671","Leucania_sp._ANIC3",4
"672","Leucania_stenographa",137
"673","Leucania_stolata",16
"674","Leucania_ursula",3
"675","Leucania_venalba",34
"676","Leucania_yu",4
"677","Leucania_zeae",95
"678","Leucania1_exarans",10
"679","Leucanopsis_turrialba",1
"680","Leucinodes_orbonalis",1
"681","Leucochlaena_oditis",14
"682","Leucochlaena_turatii",27
"683","Leumicamia_graminicolens",1
"684","Limnaecia",1
"685","Limnaecia_cirrhozona",1
"686","Lithosiopsis_sp._ADS5641",1
"687","Loepa_miranda",54
"688","Loepa_mirandula",2
"689","Loepa_sinjaevi",5
"690","Loepa_vanschaycki",1
"691","Lophocampa",7
"692","Lophocampa_BioLep04",1
"693","Lophocampa_Espinoza02",1
"694","Lophocampa_sp._19",1
"695","Lophocampa_sp._3",2
"696","Lophonycta_confusa",2
"697","Lophoptera",16
"698","Lophoptera_longipennis",10
"699","Lophoptera_parallelnotata",9
"700","Lophoptera_phaeobasis",2
"701","Lophoptera_tenuis",3
"702","Lophoptera_tripartita",2
"703","Lophoptera_vittigera",1
"704","Lulavia_multipunctata",2
"705","Luperina_testacea",149
"706","Lymantriinae",4
"707","Lythrodes_tripuncta",1
"708","Macaria_ostia",6
"709","Macdunnoughia_tetragona",9
"710","Macna_oppositalis",2
"711","Macrobathra_sarcoleuca",9
"712","Macrobathra_sp._ANIC14",2
"713","Macrobrochis_fukiensis",3
"714","Macroglossum_limatoides",3
"715","Maltagorea_rostaingi",3
"716","Marilopteryx_carancahua",551
"717","Marimatha_tripuncta",2
"718","Mastixis_Poole07",66
"719","Mecodina",1
"720","Mecodina_lanceola",5
"721","Meganola",3
"722","Meganola_dentata",2
"723","Melanchra_assimilis",7
"724","Melanchra_picta",174
"725","Melese",10
"726","Melese_barbuti",11
"727","Melese_castrena_sp._MMZ02",28
"728","Melese_Espinoza01",88
"729","Melese_flavimaculata",12
"730","Melese_flavimaculataBE01",11
"731","Melese_flavimaculataDHJ01",18
"732","Melese_flavimaculataDHJ02",57
"733","Melese_intensa",7
"734","Melese_monima",62
"735","Melese_nebulosa",14
"736","Melese_nr._laodamia_CTW2013",3
"737","Melese_ocellata",74
"738","Melese_russata",6
"739","Melese_sixola",1
"740","Mentaxya",3
"741","Mesapamea",1
"742","Mesapamea_secalella",4
"743","Mesapamea_secalis",12
"744","Mesoptila",1
"745","Mesothisa_sp._SH01",3
"746","Metalectra_Poole06",4
"747","Miantochora_sp._SH03",2
"748","Micrapatetis_sp._ANIC1",2
"749","Micrathetis_costiplaga",6
"750","Mimallonidae",4
"751","Mompha_eloisella",20
"752","Momphidae",1
"753","Monochroa",1838
"754","Monochroa_hornigi",2
"755","Monochroa_lucidella",14
"756","Moodna_pallidostrinella",4
"757","Mopothila_ardalus",23
"758","Morrisonia_evicta",5
"759","Morrisonia_latex",30
"760","Mosopia_pallidusalis",2
"761","Motya_mythias",8
"762","Mythimna",15
"763","Mythimna_albipuncta",3885
"764","Mythimna_andereggii",126
"765","Mythimna_atrinota",76
"766","Mythimna_bistrigata",7
"767","Mythimna_congrua",88
"768","Mythimna_consanguis",379
"769","Mythimna_convecta",122
"770","Mythimna_curvula",208
"771","Mythimna_decississima",21
"772","Mythimna_ferrago",218
"773","Mythimna_hamata",7
"774","Mythimna_l-album",13
"775","Mythimna_litoralis",254
"776","Mythimna_loreyi",226
"777","Mythimna_melianoides",94
"778","Mythimna_nigrilinea",7
"779","Mythimna_oxygala",208
"780","Mythimna_pallidicosta",7
"781","Mythimna_phaea",5
"782","Mythimna_PK02",1
"783","Mythimna_prominens",14
"784","Mythimna_pseudoloreyi",2
"785","Mythimna_pudorina",2718
"786","Mythimna_pyrausta",1
"787","Mythimna_semicana",1
"788","Mythimna_separata",471
"789","Mythimna_sp.",10
"790","Mythimna_turca",32
"791","Mythimna_umbrigera",3
"792","Mythimna_unipuncta",623
"793","Mythimna_vitellina",87
"794","Mythimna_yukonensis",6
"795","Nacoleia_commixta",1
"796","Nacoleia_obliqualis",7
"797","Naenia_typica",9
"798","Narinosus_searsi",7
"799","Neleucania_patricia",21
"800","Neleucania_praegracilis",921
"801","Nemoria_zygotaria",1
"802","Neoblastobasis_biceratala",5
"803","Neochera_inops",15
"804","Neochera_privata",3
"805","Neochera_privata_fennekenae",1
"806","Neochera_privata_privata",4
"807","Neodiphthera_foucheri",2
"808","Neodiphthera_intermedia",1
"809","Neogabara_plagiola",4
"810","Neoligia_subjuncta",22
"811","Niguza_oculita",2
"812","Niphonyx_segregata",7
"813","Nkandla_flavisecta",1
"814","noctBioLep01_BioLep2017",1
"815","noctBioLep01_BioLep620",16
"816","noctBioLep01_BioLep757",2
"817","noctBioLep01_BioLep831",4
"818","Noctua_atlantica",50
"819","Noctua_comes",249
"820","Noctua_fimbriata",1146
"821","Noctua_interjecta",249
"822","Noctua_interposita",233
"823","Noctua_janthe",8399
"824","Noctua_janthina",53
"825","Noctua_noacki_palmae",4
"826","Noctua_orbona",22
"827","Noctua_pronuba",6993
"828","Noctua_sp._1",2
"829","Noctuidae",238
"830","NoctuidaeGEN_sp._AAL8403",1
"831","Noctuinae",640
"832","Noctuini",2
"833","Nola_bifascialis",4
"834","Nola_cilicoides",15
"835","Nola_confusalis",11
"836","Nola_desmotes",4
"837","Nola_ovilla",8
"838","Nola_PK04",28
"839","Nola_sp._ANIC1",4
"840","Nola_sp._ANIC24",1
"841","Nola_sp._ANIC39",10
"842","Nola_sphaerospila",3
"843","Nomophila_noctuella",4
"844","Notocelia_trimaculana",12
"845","Notodontidae",10
"846","Ochrodota_pronapidesBE03",7
"847","Ochrogaster_lunifer",46
"848","Ochropleura_implecta",684
"849","Ochropleura_leucogaster",1
"850","Ochropleura_plecta",3848
"851","Odontelia",2
"852","Oedicentra_gerydaria",9
"853","Oglasa_costisignata",1
"854","Olethreutes_furfuranum",2
"855","Olethreutinae",6
"856","Olethreutini_incertae_sedis_sp._JB4",2
"857","Omphalucha_sp._SH01",2
"858","Operophtera_fagata",1
"859","Opharus_BioLep33new",22
"860","Ophyx_ochroptera",2
"861","Opigena_polygona",60
"862","Oraesia_aenofusa",988
"863","Orontobia_secreta",3
"864","Orthodes_BioLep523",4
"865","Orthodes_BioLep840",63
"866","Orthodes_lobata",7
"867","Orthonama_obstipata",1
"868","Orthosia",10
"869","Orthosia_behrensiana",354
"870","Orthosia_ferrigera",1527
"871","Orthosia_garmani",7
"872","Orthosia_incerta",3
"873","Orthosia_revicta",1
"874","Oxacme_umbrodorsum",12
"875","Oxycilla_ondo",3
"876","Oxycilla_tripla",20
"877","Oxycnemis_grandimacula",3
"878","Oxythres_splendens",3
"879","Pachydota_rosenbergi",32
"880","Pachydota_saduca",47
"881","Pantographa_limata",7
"882","Papestra_biren",60
"883","Papestra_invalida",10
"884","Papestra_quadrata",18
"885","Parabagrotis",457
"886","Parabagrotis_cupidissima",2858
"887","Parabagrotis_exsertistigma",4
"888","Parabagrotis_formalis",5775
"889","Parabagrotis_insularis",5430
"890","Parabagrotis_sulinaris",6931
"891","Parabarrovia_ogilviensis",30
"892","Paradiarsia_punicea",1
"893","Parastenolechia_nigrinotella",4
"894","Pardomima_amyntusalis",1
"895","Pareuchaetes",1
"896","Pareuchaetes_abbysmutnyae",60
"897","Pareuchaetes_insulata",9
"898","Paromphale_caeca",498
"899","Parornix_torquillella",25
"900","Parotis",1
"901","Parotis_atlitalis",6
"902","Parotis_sp._AAC8820",1
"903","Pasiphila_debiliata",19
"904","Pastona_BioLep254",1
"905","Pechipogo_strigilata",141
"906","Pelochyta",2
"907","Peridea_ferruginea",5
"908","Peridroma_saucia",298
"909","Perigea_micrippia",32
"910","Perigrapha_i-cinctum",10
"911","Perissopteryx",4
"912","Perizoma_alchemillatum",3
"913","Pero_morrisonaria",83
"914","Perusia",3
"915","Pharga_pholausalis",4
"916","Pharga_pholausalisDHJ01",30
"917","Pharga_pholausalisDHJ02",2520
"918","Philenora_pteridopola",6
"919","Philenora_sp._BIO1",1
"920","Philobota_iphigenes",1
"921","Phlogophora_meticulosa",861
"922","Phlogophora_periculosa",1512
"923","Phlogophora_scita",4
"924","Phlogophora_wollastoni",20
"925","Phoenicophanta_modestula",3
"926","Phostria_BioLep256",7
"927","Phragmatiphila_nexa",53
"928","Phrissogonus_laticostata",2
"929","Phrygionis_flavilimes",1
"930","Phthonandria_atrilineata",6
"931","Physocleora_nr._piperacia",53
"932","Physula_BioLep466",3
"933","Pilipectus_cyclopis",4
"934","Pisara_hyalospila",6
"935","Pitthea_neavei",3
"936","Platarctia_parthenos",267
"937","Platyprepia_virginalis",14
"938","Pleromella_opter",1
"939","Pleuroptya",1
"940","Plusiinae",1
"941","Polia_bombycina",24
"942","Polia_discalis",4
"943","Polia_piniae",7
"944","Polychrysia_splendida",1
"945","Polypogon_tentacularia",433
"946","Polytela",83
"947","Pompeius_verna",15
"948","Ponometia_heonyx",6
"949","Ponometia_libedis",23
"950","Ponometia_macdunnoughi",2
"951","Ponometia_megocula",3
"952","Ponometia_nigra",4
"953","Ponometia_parvula",7
"954","Ponometia_pulchra",11
"955","Ponometia_semiflava",11
"956","Prepocosma",8
"957","Pronoctua",5
"958","Pronoctua_pyrophiloides",1
"959","Properigea_costa",4
"960","Properigea_sp.",2
"961","Properigea_suffusa",4
"962","Proteuxoa_florescens",3
"963","Proteuxoa_ochrias",1
"964","Proteuxoa_spodias",7
"965","Protogygia_milleri",2
"966","Protolampra_brunneicollis",551
"967","Protolampra_rufipectus",1851
"968","Protolampra_sobrina",22
"969","Protoperigea_n._sp.",5
"970","Protoperigea_parvulata",3
"971","Protoperigea_posticata",1
"972","Protophyta_sp._ANIC2",5
"973","Protorthodes_curtica",3
"974","Protorthodes_incincta",22
"975","Protorthodes_perforata",253
"976","Protorthodes_rufula",214
"977","Prototrachea_leucopicta",16
"978","Psaliodes",7
"979","Psaliodes_BioLep2447",2
"980","Psaliodes_BioLep374",128
"981","Psaliodes_electa",2
"982","PsaphidiniRZ_new_sp.",3
"983","Pseudanarta_crocea",50
"984","Pseudanthoecia_tumida",3
"985","Pseudautomeris_boettgeri",5
"986","Pseudexentera_faracana",1
"987","Pseudexentera_Janzen148",5
"988","Pseudobryomima_distans",1
"989","Pseudobryomima_fallax",2
"990","Pseudohemihyalea",1
"991","Pseudohemihyalea_anapheoides",8
"992","Pseudohemihyalea_schausi",1
"993","Pseudohermonassa_bicarnea",565
"994","Pseudohermonassa_flavotincta",49
"995","Pseudohermonassa_ononensis",8
"996","Pseudohermonassa_tenuicula",22
"997","Pseudorthodes_vecors",12
"998","Pseudorthodes_virgula",8
"999","Psilocorsis_BioLep639",2
"1000","Psychocampa_manalca",1
"1001","Psychocampa_prominens",10
"1002","Pygarctia_neomexicana",1
"1003","Rachesa_chrisbrechlinae",7
"1004","Rachesa_nisa",7
"1005","Rachesa_sinjaevorum",9
"1006","Rachesa_viksinjaevi",8
"1007","Rejectaria_funebris",18
"1008","Rejectaria_Poole07",2
"1009","Renia_hutsoni",1
"1010","Renia_nemoralis",2
"1011","Renia_Poole13",1
"1012","Renia_sobrialis",11
"1013","Resapamea_testacea",5
"1014","Rhapsa_eretmophora",4
"1015","Rhodina_falculalis",7
"1016","Rhyacia_clemens",3042
"1017","Rhyacia_quadrangula",23093
"1018","Rhyacia_simulans",7
"1019","Rhynchodontodes_chalcias",1
"1020","Richia_chortalis",3185
"1021","Richia_parentalis",1
"1022","Rosema_sp._2",1
"1023","Rusina_ferruginea",19
"1024","Saturnia_boisduvalii",2
"1025","Savoca_divitalis",2
"1026","Schinia_argentifascia",79
"1027","Schinia_bimatris",3
"1028","Schinia_chryselloides",15
"1029","Schinia_chrysellus",54
"1030","Schinia_ciliata",3
"1031","Schinia_felicitata",3
"1032","Schinia_maculata",14
"1033","Schinia_meadi",8
"1034","Schinia_nundina",4
"1035","Schinia_oculata",38
"1036","Schinia_parmeliana",18
"1037","Schinia_persimilis",21
"1038","Schinia_sanguinea",22
"1039","Schinia_sexplagiata",8
"1040","Schinia_sp._BX141217-051",79
"1041","Schinia_subspinosae",10
"1042","Schinia_tertia",7
"1043","Schinia_tobia",28
"1044","Schinia_verna",7
"1045","Scoliopteryx_libatrix",17
"1046","Scopula",1
"1047","Scopula_BioLep528",12
"1048","Scopula_floslactata",2
"1049","Scopula_immutata",1
"1050","Scopula_incanata",1
"1051","Scopula_nr._calcarata",268
"1052","Scopula_nr._vitellina",11
"1053","Scopula_sp._SH01",1
"1054","Scopula_sp._SH02",2
"1055","Scopula_sp._SH03",4
"1056","Scopula_sp._SH04",18
"1057","Scotogramma_densa",7
"1058","Scotogramma_fieldi",4
"1059","Scotogramma_gatei",39
"1060","Scotogramma_harnardi",49
"1061","Scotogramma_orida",2
"1062","Scotogramma_sp.",1
"1063","Scotogramma_stretchii",4
"1064","Scotogramma_submarina",4
"1065","Sesamia_inferens",235
"1066","Sideridis_congermana",7
"1067","Sideridis_lampra",9
"1068","Sideridis_maryx",25
"1069","Sideridis_mojave",3
"1070","Sideridis_rosea",9
"1071","Sideridis_uscripta",1
"1072","Simopteryx_torquatariaDHJ01",47
"1073","Simplicia_bimarginata",1
"1074","Soloe_trigutta_group",91
"1075","Somatina_triocellata",17
"1076","Sosxetra_grata",5
"1077","Sosxetra_grataDHJ01",32
"1078","Spaelotis_clandestina",6
"1079","Spaelotis_quadricava",1
"1080","Spaelotis_ravida",1
"1081","Spaelotis_unicava",4
"1082","Spaelotis_velicava",12
"1083","Spargaloma_sexpunctata",5
"1084","Spargania_daphne",19
"1085","Sparganothina_nephela",4
"1086","Spilomelinae",1
"1087","Spiramater_grandis",12
"1088","Spodoptera_cilium",14
"1089","Spodoptera_cosmioides",33
"1090","Spodoptera_dolichos",1
"1091","Spodoptera_exempta",1
"1092","Spodoptera_exigua",1748
"1093","Spodoptera_frugiperda",77
"1094","Spodoptera_latifascia",83
"1095","Spodoptera_littoralis",11
"1096","Spodoptera_mauritia",1
"1097","Standfussiana_dalmata",3
"1098","Standfussiana_lucernea",63
"1099","Standfussiana_wiskotti",3
"1100","Stathmopoda",23
"1101","Staurophora_celsia",2
"1102","Strepsicrates_dyselia",3
"1103","Strepsicrates_macropetana",2
"1104","Strepsicrates_semicanella",16
"1105","Strepsicrates_transfixa",4
"1106","Stretchia_muricina",12
"1107","Stretchia_pacifica",2
"1108","Stretchia_sp.",3
"1109","Striacosta_albicosta",33
"1110","Striglina_asinina",3
"1111","Suleima_helianthana",15
"1112","Sympistis_arizonensis",6
"1113","Sympistis_jocelynae",1
"1114","Sympistis_linda",1
"1115","Sympistis_opleri",2
"1116","Sympoecila_holocrossa",8
"1117","Syngrapha_altera",80
"1118","Syngrapha_alticola",23
"1119","Syngrapha_devergens",22
"1120","Syngrapha_octoscripta",397
"1121","Syngrapha_selecta",29
"1122","Syngrapha_u-aureum",8
"1123","Syngrapha_uaureum",12
"1124","Syntherata",1
"1125","Tarista",1
"1126","Tatargina_pannosa",2
"1127","Tesagrotis_amia",5
"1128","Tesagrotis_atrifrons",12
"1129","Tesagrotis_corrodera",28
"1130","Tesagrotis_piscipellis",3
"1131","Thalatha_symprepes",2
"1132","Thalatta_holortha",2
"1133","Thera_obeliscata",1
"1134","Thera_variata",1
"1135","Theretra_alecto",1
"1136","Thliptocnemis_pinguis",2
"1137","Thoracolopha_rhodocentra",2
"1138","Thrincophora_inconcisana",5
"1139","Thrincophora_lignigerana",392
"1140","Tiliacea_aurago",556
"1141","Tiracola_plagiata",6
"1142","Tlotzinia_tlotzin",2
"1143","Tolpia",2
"1144","Tolpiodes_melanoproctis",256
"1145","Tolpiodes_sp._AAH5430",2
"1146","tortBioLep01_BioLep240",1
"1147","tortJanzen01_Janzen144",2
"1148","Tortricidae",174
"1149","TortricidaeGEN_sp._AAF9348",23
"1150","Tortricinae",6
"1151","Trichocosmia_inornata",49
"1152","Trichopolia_dentatella",605
"1153","Trichopolia_sp.",5
"1154","Trichromia_sp._JAT01",8
"1155","Tridepia_nova",3
"1156","Trisyntopa_euryspoda",9
"1157","Tuta_absoluta",126
"1158","Tyspanodes_striata",2
"1159","Ulolonche_consopita",1
"1160","Usta_wallengrenii",5
"1161","Venusia_blomeri",3
"1162","Xanthodes_albago",6
"1163","Xestia_ashworthii",26
"1164","Xestia_ashworthii_candelarum",2
"1165","Xestia_badicollis",49
"1166","Xestia_baja",5
"1167","Xestia_bolteri",1
"1168","Xestia_cinerascens",2
"1169","Xestia_dilucida",68
"1170","Xestia_elimata",8
"1171","Xestia_fergusoni",6
"1172","Xestia_intermedia",8
"1173","Xestia_kermesina",10
"1174","Xestia_laxa",17
"1175","Xestia_liquidaria",9
"1176","Xestia_lorezi",14
"1177","Xestia_lyngei",12
"1178","Xestia_mixta",1
"1179","Xestia_oblata",14
"1180","Xestia_plebeia",20
"1181","Xestia_praevia",18
"1182","Xestia_rhaetica",5
"1183","Xestia_sexstrigata",5494
"1184","Xestia_speciosa",483
"1185","Xestia_stigmatica",37
"1186","Xestia_triangulum",36
"1187","Xestia_ursae",78
"1188","Xestia_vernilis",1
"1189","Xestia_woodi",6
"1190","Xylina1_ligniplena",77
"1191","Xylodonta_patrickgoodwilliei",5
"1192","Xylodonta_scottmilleri",255
"1193","Xylodonta_terrena",1578
"1194","Zanclognatha",4
"1195","Zanclognatha_lituralis",48
"1196","Zanclognatha_nr._lituralis",128
"1197","Zosteropoda_hirtipes",17
